amfi_code,Years,Return_3Y,scheme_name,Sharpe Ratio,Maximum Drawdown,Alpha,Return Rank,Sharpe Rank,Alpha Rank,Expense Rank,Drawdown Rank,Fund Score,Tracking Error
148567,3,31.28,Mirae Asset Large Cap Fund - Regular - Growth,1.4482911703262602,-0.11265729075028275,0.26250365997946556,4.0,1.0,7.0,23.0,8.0,80.40027605244997,59.959839220176804
119094,3,36.07,Axis Midcap Fund - Regular - Growth,0.9982309868636403,-0.20960883862039192,0.3034075461165328,1.0,11.0,3.0,5.5,28.0,79.91718426501035,59.96532390031935
120843,3,25.66,Kotak Flexicap Fund - Regular - Growth,1.306743969542841,-0.1297396816518679,0.2797361854907848,9.5,2.0,5.0,11.0,13.0,79.84817115251897,59.961419944579895
100033,3,33.63,HDFC Mid-Cap Opportunities Fund - Regular - Growth,1.0936987435346308,-0.16217208574644848,0.3302518650099826,2.0,7.0,1.0,21.0,20.0,78.74396135265701,59.9666713779963
101206,3,32.53,ABSL Frontline Equity Fund - Regular - Growth,1.0272133278753701,-0.11291596329323073,0.18107482841176925,3.0,9.0,16.0,5.5,9.0,77.70876466528641,59.957265962316626
