amfi_code,Tracking Error
100033,59.9666713779963
101206,59.957265962316626
119094,59.96532390031935
120843,59.961419944579895
148567,59.959839220176804
